0.0527148,0.0493262,0.0480304,0.0464461,0.045477,0.0450179,0.0467914,0.0516962,0.0570253,0.0619126,0.0701368,0.0850247,0.101986,0.111516,0.108251,0.0958957,0.0833187,0.0747259,0.0717905,0.0739376,0.0772781
0.0567939,0.051935,0.0503327,0.0489169,0.0482145,0.0476596,0.0476093,0.0483466,0.0496442,0.0536578,0.0644135,0.0823022,0.101067,0.111831,0.109905,0.098813,0.0869039,0.0796556,0.0772552,0.0783287,0.0803791
0.0629435,0.0559852,0.0548622,0.0548351,0.0550563,0.0540555,0.0519348,0.0496672,0.0488947,0.0524674,0.0627782,0.0786393,0.0951394,0.105741,0.105611,0.0970356,0.0873988,0.0819218,0.0804211,0.0805165,0.081687
0.0708346,0.0618374,0.0611405,0.0629666,0.0646577,0.0635511,0.0595924,0.0553144,0.0535181,0.0561125,0.063754,0.075094,0.0872791,0.0955902,0.0964609,0.0912119,0.0855329,0.082982,0.0821748,0.081204,0.0808873
0.0797906,0.0688717,0.0680637,0.0717776,0.0755539,0.0746295,0.0694258,0.0641526,0.0626237,0.0652704,0.0699258,0.0759712,0.0830206,0.0890222,0.0901079,0.0867536,0.0833857,0.0823153,0.081934,0.0802362,0.0779514
0.0893824,0.0773943,0.0763648,0.0806585,0.085256,0.0849316,0.0791663,0.0735752,0.0744004,0.0800429,0.0843943,0.0859796,0.0880049,0.0909345,0.0916841,0.0880512,0.083308,0.0809307,0.0803356,0.0786518,0.0755725
0.0978175,0.0860296,0.0849708,0.0882768,0.092112,0.0926424,0.0874237,0.0824753,0.0868559,0.0986792,0.10635,0.105458,0.10121,0.0987596,0.0972316,0.0925809,0.0855431,0.0808382,0.0795302,0.0793761,0.0780041
0.0998709,0.0897031,0.089614,0.0929489,0.0974097,0.100456,0.0975469,0.0942463,0.102352,0.120401,0.132486,0.129103,0.116947,0.106017,0.100416,0.0955651,0.0887318,0.0825718,0.0805326,0.0827284,0.0850582
0.0948577,0.08765,0.0901142,0.0956729,0.103532,0.111681,0.113887,0.114876,0.126348,0.146871,0.159292,0.15199,0.131259,0.11163,0.101062,0.096654,0.0918537,0.0856833,0.0821263,0.0851142,0.0918902
0.0893034,0.0852375,0.0902434,0.0983439,0.109104,0.122025,0.131921,0.141218,0.157717,0.177185,0.185351,0.172865,0.146498,0.120581,0.105088,0.0995816,0.0962132,0.0899685,0.0841507,0.0852692,0.0952572
0.0889099,0.0860144,0.091255,0.0996169,0.110356,0.125011,0.141842,0.16088,0.182664,0.200062,0.203614,0.189239,0.162242,0.133963,0.114556,0.106637,0.102964,0.0961097,0.0874647,0.0852596,0.0949296
0.0904699,0.0873873,0.0905498,0.0967163,0.106547,0.122707,0.14396,0.167044,0.188857,0.203586,0.205816,0.19323,0.169214,0.142898,0.123866,0.115762,0.111882,0.103939,0.0924446,0.0865937,0.0924472
0.0879052,0.0857302,0.086735,0.0901696,0.099504,0.118236,0.140735,0.160877,0.176971,0.187748,0.190714,0.181244,0.160767,0.139683,0.126224,0.121472,0.118814,0.110394,0.097101,0.0883912,0.0897408
0.0796599,0.0806384,0.0811315,0.0820614,0.0895144,0.106503,0.125795,0.140893,0.150884,0.157503,0.161173,0.155553,0.14061,0.126759,0.120441,0.119201,0.117003,0.109143,0.0968212,0.0870206,0.0859194
0.069585,0.0724364,0.0732185,0.0725533,0.0764121,0.0874392,0.101502,0.112454,0.117888,0.119937,0.122258,0.120546,0.113308,0.108719,0.109397,0.110076,0.106504,0.099035,0.0892725,0.0807499,0.0795817
0.061354,0.0631156,0.0631515,0.0623058,0.0647586,0.0727378,0.0829843,0.0903746,0.0907049,0.0869109,0.0856914,0.0863768,0.0868406,0.0910054,0.0975907,0.0994195,0.0945359,0.0873269,0.0795393,0.073294,0.0732873
0.0575978,0.0573549,0.0556784,0.0541138,0.0573819,0.0660179,0.0752766,0.0790603,0.0744076,0.0661094,0.0624361,0.0642649,0.0694453,0.0784946,0.0882007,0.0915155,0.0870529,0.079735,0.0732727,0.0694276,0.0702889
0.0577827,0.0562786,0.0530425,0.0496684,0.0524831,0.061964,0.0710716,0.0725494,0.0653439,0.0564005,0.0533491,0.0558845,0.0616923,0.0708768,0.0812647,0.0866953,0.0843537,0.0780587,0.0731007,0.0709675,0.0707982
0.0580279,0.0563124,0.0527641,0.0480786,0.0488792,0.0570503,0.0656788,0.0669666,0.0605745,0.0537336,0.052389,0.0549052,0.0590825,0.0665432,0.0764517,0.0841383,0.0845456,0.0807734,0.0783868,0.0763862,0.0726794
0.0571987,0.056166,0.0532811,0.0486033,0.0479593,0.0538201,0.061584,0.0646208,0.0610575,0.0557247,0.0543105,0.0558918,0.0581952,0.0638935,0.0741918,0.0833116,0.0853979,0.0834445,0.0828314,0.080355,0.0733216
0.0576864,0.0568898,0.0540246,0.0499732,0.0497184,0.0549205,0.0621495,0.066735,0.0659434,0.0614783,0.0585932,0.0578371,0.0577927,0.0620801,0.0721454,0.081688,0.083785,0.0816463,0.0804264,0.077279,0.069737
