0.156941,0.167268,0.175588,0.176979,0.170954,0.161956,0.153936,0.148524,0.147865,0.154126,0.168938,0.191055,0.21391,0.23094,0.239632,0.239962,0.235608,0.233456,0.238066,0.247639,0.256225
0.164683,0.173444,0.182364,0.185984,0.181835,0.173731,0.16618,0.161193,0.160873,0.167625,0.182454,0.20452,0.22902,0.249562,0.2614,0.262326,0.256238,0.251999,0.255236,0.263576,0.268885
0.173693,0.179899,0.187274,0.191054,0.18839,0.182466,0.177035,0.174588,0.177276,0.186759,0.202862,0.225277,0.250878,0.273975,0.288275,0.289128,0.280371,0.272582,0.272424,0.27681,0.277024
0.179739,0.183179,0.1883,0.190996,0.189747,0.187143,0.186702,0.18947,0.197609,0.212021,0.231379,0.255026,0.280469,0.30338,0.317484,0.317168,0.305591,0.293838,0.288883,0.287395,0.281096
0.18071,0.18265,0.186478,0.188714,0.189089,0.191251,0.197615,0.208143,0.223582,0.244496,0.268793,0.293488,0.315969,0.333994,0.34414,0.341622,0.328205,0.313596,0.303887,0.29596,0.282838
0.178419,0.181001,0.185653,0.188776,0.191827,0.199415,0.21387,0.233937,0.258412,0.286931,0.315854,0.339515,0.354843,0.363441,0.366321,0.360504,0.346295,0.329891,0.315954,0.301603,0.282191
0.176446,0.181633,0.18886,0.194844,0.201977,0.215877,0.239673,0.270903,0.306175,0.342573,0.373565,0.392289,0.39689,0.393117,0.386486,0.376209,0.360793,0.342463,0.323784,0.30311,0.278174
0.176456,0.185536,0.19679,0.207439,0.220343,0.242001,0.276084,0.320022,0.367261,0.410174,0.43947,0.44942,0.441553,0.424527,0.407068,0.391028,0.373166,0.351743,0.327334,0.300158,0.270684
0.178975,0.192398,0.208372,0.224629,0.244347,0.274333,0.319017,0.376017,0.435031,0.481922,0.506006,0.505068,0.484327,0.454352,0.425978,0.402967,0.381311,0.355849,0.325952,0.293594,0.261442
0.184578,0.201681,0.221704,0.243009,0.269249,0.306921,0.360996,0.429245,0.49733,0.545114,0.561645,0.54926,0.516388,0.474514,0.435789,0.405866,0.380156,0.351265,0.317498,0.282399,0.250197
0.193433,0.212721,0.234982,0.259355,0.290331,0.334445,0.395796,0.471067,0.542746,0.587477,0.595394,0.571909,0.528315,0.476756,0.429954,0.394382,0.365615,0.335065,0.300319,0.2659,0.235801
0.204444,0.224052,0.246744,0.272558,0.306908,0.355585,0.421039,0.497579,0.565734,0.602645,0.600425,0.567105,0.515428,0.458074,0.406635,0.367937,0.337972,0.308087,0.275819,0.244929,0.218705
0.215251,0.234094,0.256741,0.284109,0.321091,0.371758,0.436722,0.507522,0.565144,0.58957,0.576125,0.534978,0.479844,0.421311,0.369674,0.33122,0.302453,0.275805,0.248499,0.22312,0.201718
0.223954,0.241748,0.264926,0.294804,0.333772,0.383265,0.441757,0.500093,0.541188,0.550467,0.526928,0.481896,0.427963,0.373545,0.326244,0.291791,0.266872,0.244935,0.223412,0.203935,0.187249
0.229634,0.246141,0.270572,0.303362,0.34306,0.387693,0.434485,0.475234,0.497121,0.491811,0.461738,0.417354,0.368994,0.322547,0.283791,0.256233,0.236861,0.219951,0.20359,0.188774,0.17624
0.233619,0.248381,0.273502,0.308094,0.346703,0.383834,0.416033,0.437681,0.441762,0.425269,0.392419,0.35175,0.31132,0.27522,0.246881,0.227913,0.214345,0.201712,0.189232,0.177859,0.168231
0.238622,0.251144,0.27572,0.309933,0.345246,0.373481,0.391138,0.396196,0.38649,0.362662,0.329696,0.294356,0.261855,0.235549,0.21728,0.206481,0.1985,0.189672,0.180023,0.171193,0.163953
0.246632,0.257062,0.279316,0.310023,0.339876,0.359371,0.365396,0.358131,0.339074,0.311406,0.28017,0.249943,0.224379,0.205773,0.19507,0.190419,0.187171,0.182,0.17531,0.168715,0.163777
0.256872,0.26523,0.28341,0.307934,0.330615,0.343163,0.341281,0.326164,0.301561,0.272729,0.243927,0.218472,0.198797,0.18635,0.180688,0.179521,0.17907,0.17701,0.173516,0.169393,0.166712
0.265256,0.272016,0.284981,0.302077,0.317747,0.324988,0.318433,0.29885,0.271728,0.243077,0.217145,0.196192,0.182179,0.175379,0.17372,0.173987,0.174413,0.174186,0.173113,0.171178,0.169973
0.268002,0.27319,0.281158,0.29159,0.301575,0.304593,0.294826,0.273312,0.246109,0.219267,0.19644,0.179783,0.171119,0.169664,0.171674,0.173095,0.173063,0.172667,0.172686,0.171442,0.169887
