0.163422,0.156595,0.154243,0.15618,0.158831,0.160374,0.163051,0.169376,0.178525,0.188268,0.197602,0.207362,0.218632,0.229602,0.238719,0.244904,0.247554,0.245666,0.240758,0.234593,0.229019
0.166996,0.162799,0.16163,0.163693,0.166388,0.168404,0.171892,0.179397,0.189913,0.200632,0.209855,0.218674,0.228531,0.238082,0.246817,0.254909,0.260402,0.261752,0.258416,0.250506,0.240515
0.172565,0.170329,0.169617,0.17111,0.173859,0.176828,0.181941,0.191681,0.204274,0.215895,0.224467,0.231736,0.239934,0.248607,0.25744,0.267644,0.277394,0.282776,0.280793,0.26963,0.253603
0.180291,0.178887,0.17751,0.17805,0.180983,0.186331,0.195185,0.208191,0.222858,0.23551,0.243797,0.249796,0.256451,0.263742,0.272198,0.283578,0.296603,0.305496,0.3039,0.288691,0.266115
0.189775,0.187969,0.185378,0.185093,0.189621,0.198608,0.212235,0.229917,0.248005,0.262876,0.272545,0.278225,0.282707,0.287437,0.293598,0.303225,0.31569,0.324694,0.321312,0.301834,0.27444
0.20033,0.198043,0.195013,0.195285,0.201692,0.214527,0.233555,0.257235,0.281754,0.302258,0.315722,0.321905,0.32325,0.322654,0.323099,0.327053,0.333997,0.338062,0.330306,0.307262,0.277866
0.211422,0.209739,0.208241,0.210418,0.219117,0.235173,0.259502,0.291213,0.325681,0.355631,0.375322,0.382599,0.378809,0.369333,0.35999,0.354023,0.351529,0.347565,0.333494,0.307604,0.278265
0.222659,0.22377,0.225665,0.230767,0.241876,0.261364,0.291956,0.333346,0.379594,0.42091,0.448074,0.455639,0.444655,0.423173,0.400312,0.381337,0.367414,0.353675,0.333433,0.30539,0.276896
0.23321,0.238985,0.245823,0.255057,0.269538,0.293681,0.331915,0.383519,0.441007,0.492597,0.525799,0.532227,0.511681,0.475574,0.436784,0.403331,0.37709,0.354339,0.329218,0.300571,0.273126
0.241499,0.252805,0.265321,0.279611,0.298894,0.32934,0.376173,0.43731,0.503067,0.561441,0.598013,0.601036,0.569153,0.517193,0.462505,0.415173,0.3776,0.347203,0.318874,0.291042,0.26586
0.24575,0.261756,0.2799,0.299564,0.324488,0.361951,0.417021,0.484616,0.55405,0.614014,0.650626,0.648825,0.606269,0.540056,0.472313,0.414706,0.368998,0.332871,0.302834,0.277021,0.255221
0.245047,0.264286,0.286975,0.311613,0.341753,0.385169,0.444925,0.513844,0.580275,0.635965,0.669283,0.662915,0.612837,0.53776,0.463316,0.401589,0.352782,0.31393,0.283444,0.259993,0.242264
0.240497,0.260678,0.285674,0.313477,0.347274,0.394152,0.45401,0.517426,0.574176,0.619973,0.646514,0.636515,0.583628,0.507484,0.434791,0.376159,0.329652,0.292046,0.262863,0.24186,0.227071
0.233437,0.252929,0.277912,0.306238,0.341544,0.388024,0.442949,0.495732,0.538234,0.570106,0.586868,0.57346,0.522865,0.453088,0.389185,0.339867,0.300695,0.267796,0.241602,0.222558,0.20996
0.226782,0.244746,0.267517,0.294059,0.327651,0.369564,0.415022,0.454341,0.48184,0.498908,0.504632,0.488,0.443175,0.384681,0.333714,0.296509,0.267462,0.241895,0.219639,0.202597,0.190966
0.223046,0.238892,0.258354,0.281235,0.309689,0.343236,0.376437,0.4024,0.417011,0.421642,0.417118,0.397795,0.360147,0.314768,0.277335,0.252363,0.233959,0.216153,0.198415,0.182942,0.171678
0.22327,0.236518,0.252314,0.27005,0.291097,0.313925,0.335279,0.35042,0.355442,0.351421,0.33967,0.318579,0.287589,0.254272,0.228563,0.213755,0.204014,0.193088,0.179177,0.164681,0.153317
0.226402,0.237184,0.249239,0.261563,0.274448,0.28788,0.300265,0.307755,0.30622,0.296384,0.2804,0.258634,0.232965,0.20889,0.19244,0.18459,0.180282,0.173615,0.162289,0.14862,0.136726
0.231191,0.239991,0.248814,0.256446,0.263057,0.269781,0.276466,0.278747,0.272069,0.257606,0.238792,0.217711,0.196573,0.179518,0.169309,0.165156,0.16311,0.15837,0.148476,0.135416,0.123222
0.236649,0.243784,0.249895,0.254359,0.256881,0.259918,0.262948,0.260704,0.249319,0.230886,0.210564,0.191027,0.173837,0.161709,0.155499,0.15294,0.150818,0.146257,0.137582,0.125844,0.114409
0.241259,0.246825,0.250444,0.25227,0.252815,0.253935,0.25399,0.247571,0.232172,0.211607,0.191467,0.1736,0.15942,0.150435,0.146553,0.144729,0.14199,0.136911,0.129647,0.120221,0.110467
